{"vocabulary":{"74":{"docCount":1,"idf":0.6931471805599453},"authentication":{"docCount":1,"idf":0.6931471805599453},"uses":{"docCount":1,"idf":0.6931471805599453},"jwt":{"docCount":2,"idf":0.28768207245178085},"tokens":{"docCount":1,"idf":0.6931471805599453},"rs256":{"docCount":1,"idf":0.6931471805599453},"algorithm":{"docCount":1,"idf":0.6931471805599453},"validatetoken":{"docCount":1,"idf":0.6931471805599453},"function":{"docCount":1,"idf":0.6931471805599453},"must":{"docCount":1,"idf":0.6931471805599453},"check":{"docCount":1,"idf":0.6931471805599453},"expiry":{"docCount":2,"idf":0.28768207245178085},"before":{"docCount":1,"idf":0.6931471805599453},"accessing":{"docCount":1,"idf":0.6931471805599453},"claims":{"docCount":1,"idf":0.6931471805599453},"test":{"docCount":1,"idf":0.6931471805599453},"coverage":{"docCount":2,"idf":0.28768207245178085},"auth":{"docCount":2,"idf":0.28768207245178085},"middleware":{"docCount":2,"idf":0.28768207245178085},"missing":{"docCount":2,"idf":0.28768207245178085},"implement":{"docCount":1,"idf":0.6931471805599453},"postgresql":{"docCount":1,"idf":0.6931471805599453},"connection":{"docCount":1,"idf":0.6931471805599453},"pooling":{"docCount":1,"idf":0.6931471805599453},"using":{"docCount":1,"idf":0.6931471805599453},"pg":{"docCount":1,"idf":0.6931471805599453},"pool":{"docCount":1,"idf":0.6931471805599453},"database":{"docCount":1,"idf":0.6931471805599453},"layer":{"docCount":1,"idf":0.6931471805599453},"needs":{"docCount":1,"idf":0.6931471805599453},"retry":{"docCount":1,"idf":0.6931471805599453},"logic":{"docCount":1,"idf":0.6931471805599453},"exponential":{"docCount":1,"idf":0.6931471805599453},"backoff":{"docCount":1,"idf":0.6931471805599453},"transient":{"docCount":1,"idf":0.6931471805599453},"errors":{"docCount":1,"idf":0.6931471805599453},"drizzle":{"docCount":1,"idf":0.6931471805599453},"orm":{"docCount":1,"idf":0.6931471805599453},"used":{"docCount":2,"idf":0.28768207245178085},"migrations":{"docCount":1,"idf":0.6931471805599453},"review":{"docCount":1,"idf":0.6931471805599453},"found":{"docCount":1,"idf":0.6931471805599453},"imports":{"docCount":1,"idf":0.6931471805599453},"use":{"docCount":1,"idf":0.6931471805599453},"js":{"docCount":1,"idf":0.6931471805599453},"extensions":{"docCount":1,"idf":0.6931471805599453},"consistently":{"docCount":1,"idf":0.6931471805599453},"barrel":{"docCount":1,"idf":0.6931471805599453},"exports":{"docCount":1,"idf":0.6931471805599453},"via":{"docCount":1,"idf":0.6931471805599453},"index":{"docCount":1,"idf":0.6931471805599453},"ts":{"docCount":1,"idf":0.6931471805599453},"throughout":{"docCount":1,"idf":0.6931471805599453},"no":{"docCount":1,"idf":0.6931471805599453},"timezone":{"docCount":1,"idf":0.6931471805599453},"issues":{"docCount":1,"idf":0.6931471805599453},"detected":{"docCount":1,"idf":0.6931471805599453},"improved":{"docCount":1,"idf":0.6931471805599453},"validation":{"docCount":1,"idf":0.6931471805599453},"tricky":{"docCount":1,"idf":0.6931471805599453},"need":{"docCount":1,"idf":0.6931471805599453},"verify":{"docCount":1,"idf":0.6931471805599453},"both":{"docCount":1,"idf":0.6931471805599453},"signature":{"docCount":1,"idf":0.6931471805599453},"separately":{"docCount":1,"idf":0.6931471805599453},"user":{"docCount":1,"idf":0.6931471805599453},"prefers":{"docCount":1,"idf":0.6931471805599453},"terse":{"docCount":1,"idf":0.6931471805599453},"error":{"docCount":1,"idf":0.6931471805599453},"messages":{"docCount":1,"idf":0.6931471805599453},"ci":{"docCount":1,"idf":0.6931471805599453},"failed":{"docCount":1,"idf":0.6931471805599453},"twice":{"docCount":1,"idf":0.6931471805599453},"environment":{"docCount":1,"idf":0.6931471805599453},"variables":{"docCount":1,"idf":0.6931471805599453}},"documents":{"ep_nudge_011":{"taskId":"test-task-001","episodeId":"ep_nudge_011","source":"nudge","content":"Authentication uses JWT tokens with RS256 algorithm. The validateToken function must check expiry before accessing claims. Test coverage for auth middleware was missing.","createdAt":"2026-04-07T10:00:00Z","wordCount":169,"positions":[0,15,20,24,36,42,57,71,80,85,91,98,105,115,123,128,141,146,161]},"ep_plan_006":{"taskId":"test-task-002","episodeId":"ep_plan_006","source":"plan","content":"Implement PostgreSQL connection pooling using pg-pool. The database layer needs retry logic with exponential backoff for transient errors. Drizzle ORM is used for migrations.","createdAt":"2026-04-07T14:00:00Z","wordCount":174,"positions":[0,10,21,32,40,46,49,59,68,74,80,86,97,109,121,131,139,147,154,163]},"ep_review_004":{"taskId":"test-task-003","episodeId":"ep_review_004","source":"review","content":"Review found that imports use .js extensions consistently. Barrel exports via index.ts are used throughout. No timezone issues detected. Coverage improved to 74%.","createdAt":"2026-04-08T09:00:00Z","wordCount":162,"positions":[0,7,18,26,31,34,45,59,66,74,78,84,91,96,108,111,120,127,137,146,158]},"ep_nudge_012":{"taskId":"test-task-004","episodeId":"ep_nudge_012","source":"nudge","content":"JWT validation in auth middleware is tricky — need to verify both signature and expiry separately. User prefers terse error messages. CI failed twice on missing environment variables.","createdAt":"2026-04-08T16:00:00Z","wordCount":183,"positions":[0,4,18,23,37,46,54,61,66,80,87,99,104,112,118,124,134,137,144,153,161,173]}},"totalDocs":4}